"","MLSP 26"
"immune response-regulating signaling pathway",1.34631801901607e-244
"immune response",5.39226266138088e-88
"adaptive immune response",5.15594900558942e-36
"cell surface receptor signaling pathway",8.343779716679e-17
"spliceosomal tri-snRNP complex assembly",6.01357745639142e-11
"positive regulation of cell migration",7.09010488550412e-08
"cell-cell signaling",2.82096683204278e-06
"inflammatory response",1.60216169571683e-05
"innate immune response",0.00292350822847205
"biological_process",0.00472831327694899
"cellular response to lipopolysaccharide",0.00843490238430409
"positive regulation of canonical NF-kappaB signal transduction",0.0405480504002359
