"","MLSP 28"
"immune response-regulating signaling pathway",1.36328227979197e-269
"immune response",1.94902575509488e-87
"adaptive immune response",6.65129707128141e-42
"spliceosomal tri-snRNP complex assembly",5.12763184173906e-12
"cell surface receptor signaling pathway",7.26805234327361e-10
"positive regulation of cell migration",5.70705317925668e-09
"cell-cell signaling",4.61161167666998e-08
"inflammatory response",0.00020193976002469
"cellular response to lipopolysaccharide",0.00182687617621592
"biological_process",0.00344369901041068
"positive regulation of canonical NF-kappaB signal transduction",0.0051603530952584
"innate immune response",0.0161826703048187
"protein ubiquitination",0.0261920980758819
"positive regulation of phosphatidylinositol 3-kinase/protein kinase B signal transduction",0.0355025376442341
